{
    "loss": 1.83534574508667,
    "accuracy": 0.843137264251709
}